Plate	Position	Pool #	Accession Number	Accession Name	Index #	Index	Lib Conc (ng/ul)	25NG_(ul)	Total_DNA vol_(ul)	EB_(ul)	Total_vol_for final_conc (1.7ng/ul)	Total_ng/pool		READS THEY HAVE
#2_+_reads	A01		9707	Podvi-1	11	GGCTAC	15.11							
#2_+_reads	B01		9759	Anz-0	12	CTTGTA	7.72							
#2_+_reads	C01		9673	Mitterberg-3-189	14	AGTTCC	9.21							
#2_+_reads	D01		5818	UKID114	15	ATGTCA	16.77							
#2_+_reads	E01		6960	Ren-11	19	GTGAAA	8.46							
#2_+_reads	F01		9735	Bela-4	22	CGTACG	14.20							
#2_+_reads	G01		9732	Halca-1	6	GCCAAT	23.42							
#2_+_reads	H01		9725	Epidauros-1	7	CAGATC	5.35							
#2_+_reads	A03		8077	PT2.21	1	ATCACG	2.02							
#2_+_reads	B03		9067	Xan-3	2	CGATGT	1.15							
#2_+_reads	C03		9078	Lerik1-7	3	TTAGGC	2.69							
#2_+_reads	D03		9748	Zagub-1	4	TGACCA	18.73							
#2_+_reads	E03		1872	MNF-Pot-75	5	ACAGTG	11.58							
#2_+_reads	F03		5921	DraIV 3-7	6	GCCAAT	8.58							
#2_+_reads	G03		10002	TueWa1-2	7	CAGATC	16.22							
#2_+_reads	H03		8233	Dem-4	8	ACTTGA	2.32							
#2_+_reads	A05		10014	Xan-1	9	GATCAG	4.54							
#2_+_reads	B05		870	MIC-31	10	TAGCTT	8.86							
#2_+_reads	C05		10009	Sij-2	11	GGCTAC	7.05							
#2_+_reads	D05		9621	Basta-3	12	CTTGTA	18.86							
#2_+_reads	E05		9983	Ciste-1	13	AGTCAA	6.95							
#2_+_reads	F05		9130	Yeg-4	14	AGTTCC	3.85							
#2_+_reads	G05		9992	Dog-4	15	ATGTCA	11.31							
#2_+_reads	H05		9954	Leb-3	16	CCGTCC	15.70							
#2_+_reads	A07		9131	Yeg-5	18	GTCCGC	9.58							
#2_+_reads	B07		9742	Teiu-1	19	GTGAAA	5.45							
#2_+_reads	C07		8246	NC-6	20	GTGGCC	6.18							
#2_+_reads	D07		9314	Gol-2	21	GTTTCG	3.54							
#2_+_reads	E07		9866	Mdd-0	22	CGTACG	4.24							
#2_+_reads	F07		9551	Jim-1	23	GAGTGG	5.44							
#2_+_reads	G07		5577	UKNW06-403	25	ACTGAT	14.87							
#2_+_reads	H07		9876	Pad-0	27	ATTCCT	1.29							
#2_+_reads	A09		9577	Ria-0	9	GATCAG	16.17							
#2_+_reads	B09		9546	Hom-4	15	ATGTCA	3.84							
#2_+_reads	C09		9827	Bos-0	20	GTGGCC	2.98							
#2_+_reads	D09		7164	Hau-0	21	GTTTCG	24.75							
#2_+_reads	E09		9527	Cad-0	22	CGTACG	6.95							
#2_+_reads	F09		9564	Nog-17	1	ATCACG	15.04							
#2_+_reads	G09		9850	Hec-0	3	TTAGGC	5.34							
#2_+_reads	H09		9840	Dar-0	5	ACAGTG	6.92							
#2_+_reads	A11		9507	Coa-0	7	CAGATC	1.06							
#2_+_reads	B11		9757	Staro-1	8	ACTTGA	20.11							
#2_+_reads	C11		9984	Ciste-2	9	GATCAG	1.73							
#2_+_reads	D11		9964	Mammo-1	10	TAGCTT	0.07	PCR MORE						
#2_+_reads	E11		10026	Bg-5	11	GGCTAC	5.30							
#2_+_reads	F11		9913	CON-7	16	CCGTCC	0.02	not needed						
#2_+_reads	G11		108	LDV-18	18	GTCCGC	4.98							
#2_+_reads	H11		159	MAR2-3	19	GTGAAA	1.33							
														
Plate	Position	Pool #	Accession Number	Accession Name	Index #	Index	Lib Conc (ng/ul)	25NG_(ul)	Total_DNA vol_(ul)	EB_(ul)	Total_vol_for final_conc (1.7ng/ul)	Total_ng/pool		
#3_+_reads	A01		9915	null	1		3.03							
#3_+_reads	B01		9298	CS75639	2		1.71							15001855
#3_+_reads	C01		5023	UKSE06-118	3		1.15							12201336
#3_+_reads	D01		9874	Oja-0	4		7.97							
#3_+_reads	E01		8275	Cen-0	5		5.51							
#3_+_reads	F01		9612	Lesno-2	7		0.248							13384088
#3_+_reads	G01		9061	CS75402	10		1.53							
#3_+_reads	A02		9645	Gradi-1	10		1.41							
#3_+_reads	B02		9824	Bes-5	11		1.48							
#3_+_reads	C02		5811	UKID107	13		2.82							14215354
#3_+_reads	D02		9806	RÃ¼-2	14		3.75							
#3_+_reads	E02		9645	Gradi-1	21		4.57							
#3_+_reads	F02		9993	Nemrut-1	22		10.9							12498590