Plate	Position	Pool #	Accession Number	Accession Name	Index #	Index	Lib Conc (ng/ul)	20NG_(ul)	Total_DNA vol_(ul)	EB_(ul)	Total_vol_for final_conc (1.7ng/ul)	Total_ng/pool		run 1	run 2	run 3	run 4		total reads	
6	A01	rna_pool_13	9512	Vid-1	1	ATCACG	1.23	16.26	125.05	157.31	282.35	480		data11/141114_HAL_1353_BC56PBACXX						6,759,469
6	B01	rna_pool_13	9515	Ala-0	2	CGATGT	5.5	3.64						data11/141114_HAL_1353_BC56PBACXX						8,610,751
6	C01	rna_pool_13	9574	Rel-0	3	TTAGGC	3.64	5.49						data11/141114_HAL_1353_BC56PBACXX						8,024,176
6	D01	rna_pool_13	9946	Mer-6	4	TGACCA	6.25	3.20						data11/141114_HAL_1353_BC56PBACXX						8,970,327
6	E01	rna_pool_13	9597	Vig-1	5	ACAGTG	5.97	3.35						data11/141114_HAL_1353_BC56PBACXX						9,235,468
6	F01	rna_pool_13	9583	Sne-0	6	GCCAAT	2.44	8.20						data11/141114_HAL_1353_BC56PBACXX						8,668,168
6	G01	rna_pool_13	9526	Cab-3	7	CAGATC	1.43	13.99						data11/141114_HAL_1353_BC56PBACXX						8,653,316
6	H01	rna_pool_13	9517	All-0	8	ACTTGA	3.23	6.19						data11/141114_HAL_1353_BC56PBACXX						8,866,912
6	A03	rna_pool_13	9556	Men-2	9	GATCAG	11.89	1.68						data11/141114_HAL_1353_BC56PBACXX						6,897,349
6	B03	rna_pool_13	9592	Vae-2	10	TAGCTT	4.91	4.07						data11/141114_HAL_1353_BC56PBACXX						7,376,975
6	C03	rna_pool_13	5353	UKNW06-003	11	GGCTAC	7.9	2.53						data11/141114_HAL_1353_BC56PBACXX						7,789,356
6	D03	rna_pool_13	9859	Lro-0	12	CTTGTA	8.32	2.40						data11/141114_HAL_1353_BC56PBACXX						8,444,637
6	E03	rna_pool_13	9587	Tdc-0	13	AGTCAA	2.86	6.99						data11/141114_HAL_1353_BC56PBACXX						7,961,734
6	F03	rna_pool_13	9534	Cmo-3	14	AGTTCC	16.37	1.22						data11/141114_HAL_1353_BC56PBACXX						9,317,148
6	G03	rna_pool_13	9547	Hor-0	15	ATGTCA	3.82	5.24						data11/141114_HAL_1353_BC56PBACXX						8,349,385
6	H03	rna_pool_13	9997	Rue3-1-31	16	CCGTCC	3.68	5.43						data11/141114_HAL_1353_BC56PBACXX						8,027,259
6	A05	rna_pool_13	9518	Alm-0	18	GTCCGC	16.49	1.21						data11/141114_HAL_1353_BC56PBACXX						6,648,178
6	B05	rna_pool_13	9588	Tol-7	19	GTGAAA	2.57	7.78						data11/141114_HAL_1353_BC56PBACXX						7,079,843
6	C05	rna_pool_13	9855	Lam-0	20	GTGGCC	5.19	3.85						data11/141114_HAL_1353_BC56PBACXX						6,799,570
6	D05	rna_pool_13	9542	Fun-0	21	GTTTCG	1.68	11.90						data11/141114_HAL_1353_BC56PBACXX						7,234,462
6	E05	rna_pool_13	9541	Fue-2	22	CGTACG	32.7	0.61						data11/141114_HAL_1353_BC56PBACXX						10,036,245
6	F05	rna_pool_13	9834	Bos-0	23	GAGTGG	13.02	1.54						data11/141114_HAL_1353_BC56PBACXX						8,103,226
6	G05	rna_pool_13	9563	Nav-0	25	ACTGAT	15.87	1.26						data11/141114_HAL_1353_BC56PBACXX						8,801,273
6	H05	rna_pool_13	9562	Mur-0	27	ATTCCT	2.86	6.99						data11/141114_HAL_1353_BC56PBACXX						8,447,875
6	A07	rna_pool_14	9596	Ver-5	1	ATCACG	1.81	11.05	142.36	140.00	282.35	480		data11/141219_JONAS_2235_AC5WY1ACXX	data11/141222_JONAS_2236_BC5WN6ACXX	data11/141231_HAL_1361_BC5Y2MACXX/	data11/150116_JONAS_2238_BC6512ACXX			7,355,617
6	B07	rna_pool_14	9537	Cum-1	2	CGATGT	3.59	5.57						data11/141219_JONAS_2235_AC5WY1ACXX	data11/141222_JONAS_2236_BC5WN6ACXX	data11/141231_HAL_1361_BC5Y2MACXX/	data11/150116_JONAS_2238_BC6512ACXX			8,581,462
6	C07	rna_pool_14	9600	Vis-0	3	TTAGGC	9.65	2.07						data11/141219_JONAS_2235_AC5WY1ACXX	data11/141222_JONAS_2236_BC5WN6ACXX	data11/141231_HAL_1361_BC5Y2MACXX/	data11/150116_JONAS_2238_BC6512ACXX			9,095,500
6	D07	rna_pool_14	9595	Vdt-0	4	TGACCA	13.26	1.51						data11/141219_JONAS_2235_AC5WY1ACXX	data11/141222_JONAS_2236_BC5WN6ACXX	data11/141231_HAL_1361_BC5Y2MACXX/	data11/150116_JONAS_2238_BC6512ACXX			8,369,206
6	E07	rna_pool_14	9513	Adc-5	5	ACAGTG	2.65	7.55						data11/141219_JONAS_2235_AC5WY1ACXX	data11/141222_JONAS_2236_BC5WN6ACXX	data11/141231_HAL_1361_BC5Y2MACXX/	data11/150116_JONAS_2238_BC6512ACXX			8,362,128
6	F07	rna_pool_14	9540	Elb-0	6	GCCAAT	5.66	3.53						data11/141219_JONAS_2235_AC5WY1ACXX	data11/141222_JONAS_2236_BC5WN6ACXX	data11/141231_HAL_1361_BC5Y2MACXX/	data11/150116_JONAS_2238_BC6512ACXX			8,620,925
6	G07	rna_pool_14	9582	Ses-0	7	CAGATC	2.93	6.83						data11/141219_JONAS_2235_AC5WY1ACXX	data11/141222_JONAS_2236_BC5WN6ACXX	data11/141231_HAL_1361_BC5Y2MACXX/	data11/150116_JONAS_2238_BC6512ACXX			8,932,044
6	H07	rna_pool_14	9520	Ara-4	8	ACTTGA	1.25	16.00						data11/141219_JONAS_2235_AC5WY1ACXX	data11/141222_JONAS_2236_BC5WN6ACXX	data11/141231_HAL_1361_BC5Y2MACXX/	data11/150116_JONAS_2238_BC6512ACXX			8,873,749
6	A09	rna_pool_14	9580	Scm-0	9	GATCAG	1.39	14.39						data11/141219_JONAS_2235_AC5WY1ACXX	data11/141222_JONAS_2236_BC5WN6ACXX	data11/141231_HAL_1361_BC5Y2MACXX/	data11/150116_JONAS_2238_BC6512ACXX			7,154,595
6	B09	rna_pool_14	9511	Vav-0	10	TAGCTT	11.39	1.76						data11/141219_JONAS_2235_AC5WY1ACXX	data11/141222_JONAS_2236_BC5WN6ACXX	data11/141231_HAL_1361_BC5Y2MACXX/	data11/150116_JONAS_2238_BC6512ACXX			9,013,590
6	C09	rna_pool_14	9521	Bar-1	11	GGCTAC	2.69	7.43						data11/141219_JONAS_2235_AC5WY1ACXX	data11/141222_JONAS_2236_BC5WN6ACXX	data11/141231_HAL_1361_BC5Y2MACXX/	data11/150116_JONAS_2238_BC6512ACXX			7,508,146
6	D09	rna_pool_14	10018	Dobra-1	12	CTTGTA	9.06	2.21						data11/141219_JONAS_2235_AC5WY1ACXX	data11/141222_JONAS_2236_BC5WN6ACXX	data11/141231_HAL_1361_BC5Y2MACXX/	data11/150116_JONAS_2238_BC6512ACXX			8,943,422
6	E09	rna_pool_14	9548	Hoy-0	13	AGTCAA	10.99	1.82						data11/141219_JONAS_2235_AC5WY1ACXX	data11/141222_JONAS_2236_BC5WN6ACXX	data11/141231_HAL_1361_BC5Y2MACXX/	data11/150116_JONAS_2238_BC6512ACXX			9,109,116
6	F09	rna_pool_14	5837	Bor-1	14	AGTTCC	3.65	5.48						data11/141219_JONAS_2235_AC5WY1ACXX	data11/141222_JONAS_2236_BC5WN6ACXX	data11/141231_HAL_1361_BC5Y2MACXX/	data11/150116_JONAS_2238_BC6512ACXX			7,955,755
6	G09	rna_pool_14	9552	Lab-7	15	ATGTCA	2.72	7.35						data11/141219_JONAS_2235_AC5WY1ACXX	data11/141222_JONAS_2236_BC5WN6ACXX	data11/141231_HAL_1361_BC5Y2MACXX/	data11/150116_JONAS_2238_BC6512ACXX			8,253,999
6	H09	rna_pool_14	9575	Ren-6	16	CCGTCC	2.91	6.87						data11/141219_JONAS_2235_AC5WY1ACXX	data11/141222_JONAS_2236_BC5WN6ACXX	data11/141231_HAL_1361_BC5Y2MACXX/	data11/150116_JONAS_2238_BC6512ACXX			8,258,151
6	A11	rna_pool_14	9549	Hum-2	18	GTCCGC	4.54	4.41						data11/141219_JONAS_2235_AC5WY1ACXX	data11/141222_JONAS_2236_BC5WN6ACXX	data11/141231_HAL_1361_BC5Y2MACXX/	data11/150116_JONAS_2238_BC6512ACXX			7,887,551
6	B11	rna_pool_14	9560	Mot-0	19	GTGAAA	11.74	1.70						data11/141219_JONAS_2235_AC5WY1ACXX	data11/141222_JONAS_2236_BC5WN6ACXX	data11/141231_HAL_1361_BC5Y2MACXX/	data11/150116_JONAS_2238_BC6512ACXX			9,831,315
6	C11	rna_pool_14	8321	KZ13	20	GTGGCC	2.9	6.90						data11/141219_JONAS_2235_AC5WY1ACXX	data11/141222_JONAS_2236_BC5WN6ACXX	data11/141231_HAL_1361_BC5Y2MACXX/	data11/150116_JONAS_2238_BC6512ACXX			8,215,848
6	D11	rna_pool_14	9581	Sdv-3	21	GTTTCG	6.54	3.06						data11/141219_JONAS_2235_AC5WY1ACXX	data11/141222_JONAS_2236_BC5WN6ACXX	data11/141231_HAL_1361_BC5Y2MACXX/	data11/150116_JONAS_2238_BC6512ACXX			8,798,976
6	E11	rna_pool_14	9791	Has-1	22	CGTACG	4.12	4.85						data11/141219_JONAS_2235_AC5WY1ACXX	data11/141222_JONAS_2236_BC5WN6ACXX	data11/141231_HAL_1361_BC5Y2MACXX/	data11/150116_JONAS_2238_BC6512ACXX			9,026,417
6	F11	rna_pool_14	9572	Pue-0	23	GAGTGG	7.31	2.74						data11/141219_JONAS_2235_AC5WY1ACXX	data11/141222_JONAS_2236_BC5WN6ACXX	data11/141231_HAL_1361_BC5Y2MACXX/	data11/150116_JONAS_2238_BC6512ACXX			8,349,143
6	G11	rna_pool_14	9593	Vaz-0	25	ACTGAT	2.35	8.51						data11/141219_JONAS_2235_AC5WY1ACXX	data11/141222_JONAS_2236_BC5WN6ACXX	data11/141231_HAL_1361_BC5Y2MACXX/	data11/150116_JONAS_2238_BC6512ACXX			8,529,093
6	H11	rna_pool_14	9598	Vim-0	27	ATTCCT	2.28	8.77						data11/141219_JONAS_2235_AC5WY1ACXX	data11/141222_JONAS_2236_BC5WN6ACXX	data11/141231_HAL_1361_BC5Y2MACXX/	data11/150116_JONAS_2238_BC6512ACXX			9,276,210